measure,location,sex,age,cause,metric,year,val,upper,lower
Deaths,Malaysia,Both,All Ages,Neglected tropical diseases and malaria,Percent,1993,0.003435053,0.00570198,0.002102344
Deaths,Malaysia,Both,All Ages,Chronic respiratory diseases,Percent,1993,0.063060387,0.071530138,0.051595841
Deaths,Malaysia,Both,All Ages,Cardiovascular diseases,Percent,1993,0.333457453,0.350214473,0.314827895
Deaths,Malaysia,Both,All Ages,Musculoskeletal disorders,Percent,1993,0.00152548,0.0017873,0.001145423
Deaths,Malaysia,Both,All Ages,Other non-communicable diseases,Percent,1993,0.027175253,0.031593316,0.022566316
Deaths,Malaysia,Both,All Ages,Skin and subcutaneous diseases,Percent,1993,0.004147212,0.005185274,0.003405539
Deaths,Malaysia,Both,All Ages,Other infectious diseases,Percent,1993,0.026102673,0.03526708,0.019047749
Deaths,Malaysia,Both,All Ages,Maternal and neonatal disorders,Percent,1993,0.042101146,0.047722379,0.036764355
Deaths,Malaysia,Both,All Ages,Substance use disorders,Percent,1993,0.002087364,0.002947468,0.001428556
Deaths,Malaysia,Both,All Ages,Diabetes and kidney diseases,Percent,1993,0.057577779,0.061979126,0.053559781
Deaths,Malaysia,Both,All Ages,Digestive diseases,Percent,1993,0.051028645,0.055788689,0.04614846
Deaths,Malaysia,Both,All Ages,Transport injuries,Percent,1993,0.058434212,0.063382838,0.052799616
Deaths,Malaysia,Both,All Ages,Unintentional injuries,Percent,1993,0.035470013,0.038226864,0.031807327
Deaths,Malaysia,Both,All Ages,Neoplasms,Percent,1993,0.138771029,0.145905814,0.130087712
Deaths,Malaysia,Both,All Ages,HIV/AIDS and sexually transmitted infections,Percent,1993,0.00480691,0.00664305,0.003230317
Deaths,Malaysia,Both,All Ages,Respiratory infections and tuberculosis,Percent,1993,0.092923952,0.106666067,0.08426027
Deaths,Malaysia,Both,All Ages,Enteric infections,Percent,1993,0.017445273,0.025591881,0.012025747
Deaths,Malaysia,Both,All Ages,Nutritional deficiencies,Percent,1993,0.002006171,0.002309538,0.001730272
Deaths,Malaysia,Both,All Ages,Neurological disorders,Percent,1993,0.022949689,0.05197843,0.01021139
Deaths,Malaysia,Both,All Ages,Mental disorders,Percent,1993,3.52E-06,6.47E-06,1.09E-06
Deaths,Malaysia,Both,All Ages,Self-harm and interpersonal violence,Percent,1993,0.015490785,0.01816923,0.01392012
Deaths,Malaysia,Both,All Ages,Nutritional deficiencies,Percent,1990,0.00186925,0.002167006,0.001616645
Deaths,Malaysia,Both,All Ages,Neurological disorders,Percent,1990,0.021391416,0.04773256,0.009787311
Deaths,Malaysia,Both,All Ages,Mental disorders,Percent,1990,2.97E-06,5.58E-06,9.41E-07
Deaths,Malaysia,Both,All Ages,Cardiovascular diseases,Percent,1990,0.343050578,0.357499444,0.324824816
Deaths,Malaysia,Both,All Ages,Self-harm and interpersonal violence,Percent,1990,0.015862955,0.01866378,0.014334885
Deaths,Malaysia,Both,All Ages,Musculoskeletal disorders,Percent,1990,0.001491626,0.00175568,0.001110779
Deaths,Malaysia,Both,All Ages,Other non-communicable diseases,Percent,1990,0.028657498,0.034686532,0.022452494
Deaths,Malaysia,Both,All Ages,Skin and subcutaneous diseases,Percent,1990,0.004079857,0.005100503,0.003320847
Deaths,Malaysia,Both,All Ages,Other infectious diseases,Percent,1990,0.030268334,0.041819784,0.021162326
Deaths,Malaysia,Both,All Ages,Maternal and neonatal disorders,Percent,1990,0.047366371,0.054814987,0.040956974
Deaths,Malaysia,Both,All Ages,Substance use disorders,Percent,1990,0.002021316,0.002845531,0.001394063
Deaths,Malaysia,Both,All Ages,Diabetes and kidney diseases,Percent,1990,0.058379556,0.062134843,0.054356902
Deaths,Malaysia,Both,All Ages,Neoplasms,Percent,1990,0.135536868,0.142773726,0.12622535
Deaths,Malaysia,Both,All Ages,Neglected tropical diseases and malaria,Percent,1990,0.00401741,0.006898403,0.002339676
Deaths,Malaysia,Both,All Ages,HIV/AIDS and sexually transmitted infections,Percent,1990,0.001008364,0.001558757,0.000652645
Deaths,Malaysia,Both,All Ages,Respiratory infections and tuberculosis,Percent,1990,0.087330985,0.104237922,0.079757708
Deaths,Malaysia,Both,All Ages,Enteric infections,Percent,1990,0.018745544,0.027144908,0.012943417
Deaths,Malaysia,Both,All Ages,Chronic respiratory diseases,Percent,1990,0.061973734,0.073167832,0.051226354
Deaths,Malaysia,Both,All Ages,Digestive diseases,Percent,1990,0.042467403,0.046392347,0.038394402
Deaths,Malaysia,Both,All Ages,Nutritional deficiencies,Percent,1991,0.001888765,0.002175364,0.001641326
Deaths,Malaysia,Both,All Ages,Neurological disorders,Percent,1991,0.022062147,0.049566682,0.009885117
Deaths,Malaysia,Both,All Ages,Neglected tropical diseases and malaria,Percent,1991,0.006779382,0.009052036,0.005272077
Deaths,Malaysia,Both,All Ages,Nutritional deficiencies,Percent,1992,0.001944984,0.002241787,0.001683483
Deaths,Malaysia,Both,All Ages,Mental disorders,Percent,1991,3.16E-06,5.86E-06,9.91E-07
Deaths,Malaysia,Both,All Ages,Self-harm and interpersonal violence,Percent,1991,0.015853293,0.018624897,0.014301004
Deaths,Malaysia,Both,All Ages,Neglected tropical diseases and malaria,Percent,1992,0.003491467,0.005588941,0.002108954
Deaths,Malaysia,Both,All Ages,Chronic respiratory diseases,Percent,1991,0.062022345,0.072163532,0.050917825
Deaths,Malaysia,Both,All Ages,Chronic respiratory diseases,Percent,1992,0.062588468,0.071763894,0.051197636
Deaths,Malaysia,Both,All Ages,Neurological disorders,Percent,1992,0.022663837,0.051039532,0.010044622
Deaths,Malaysia,Both,All Ages,Mental disorders,Percent,1992,3.36E-06,6.18E-06,1.03E-06
Deaths,Malaysia,Both,All Ages,Digestive diseases,Percent,1992,0.048427102,0.052948374,0.043998518
Deaths,Malaysia,Both,All Ages,Transport injuries,Percent,1992,0.05872141,0.063828488,0.052879636
Deaths,Malaysia,Both,All Ages,Self-harm and interpersonal violence,Percent,1992,0.015802186,0.018530229,0.014180477
Deaths,Malaysia,Both,All Ages,Digestive diseases,Percent,1991,0.045346025,0.049626691,0.041025501
Deaths,Malaysia,Both,All Ages,Transport injuries,Percent,1991,0.060184867,0.065373573,0.054356684
Deaths,Malaysia,Both,All Ages,Unintentional injuries,Percent,1991,0.035860434,0.038666539,0.032236762
Deaths,Malaysia,Both,All Ages,Unintentional injuries,Percent,1992,0.035009397,0.037978066,0.031390859
Deaths,Malaysia,Both,All Ages,Transport injuries,Percent,1990,0.058864706,0.064000709,0.05279914
Deaths,Malaysia,Both,All Ages,Unintentional injuries,Percent,1990,0.035613259,0.038608377,0.031874905
Deaths,Malaysia,Both,All Ages,Cardiovascular diseases,Percent,1992,0.334891721,0.350736974,0.316368523
Deaths,Malaysia,Both,All Ages,Musculoskeletal disorders,Percent,1992,0.001522278,0.00178776,0.001139199
Deaths,Malaysia,Both,All Ages,Other non-communicable diseases,Percent,1992,0.027926875,0.03291088,0.022652908
Deaths,Malaysia,Both,All Ages,Neoplasms,Percent,1991,0.136742477,0.144205339,0.127279683
Deaths,Malaysia,Both,All Ages,Skin and subcutaneous diseases,Percent,1992,0.004120295,0.005171849,0.003364406
Deaths,Malaysia,Both,All Ages,Other infectious diseases,Percent,1992,0.027557774,0.037418033,0.019947277
Deaths,Malaysia,Both,All Ages,Maternal and neonatal disorders,Percent,1992,0.044806534,0.051023995,0.038847969
Deaths,Malaysia,Both,All Ages,Substance use disorders,Percent,1992,0.002095442,0.002953038,0.001441953
Deaths,Malaysia,Both,All Ages,Diabetes and kidney diseases,Percent,1992,0.057725329,0.061967348,0.053789313
Deaths,Malaysia,Both,All Ages,Cardiovascular diseases,Percent,1991,0.337460383,0.351936646,0.319738281
Deaths,Malaysia,Both,All Ages,HIV/AIDS and sexually transmitted infections,Percent,1991,0.001752154,0.002495788,0.001204572
Deaths,Malaysia,Both,All Ages,Respiratory infections and tuberculosis,Percent,1991,0.088646958,0.105306191,0.080872888
Deaths,Malaysia,Both,All Ages,Enteric infections,Percent,1991,0.017978448,0.026375344,0.012308523
Deaths,Malaysia,Both,All Ages,Musculoskeletal disorders,Percent,1991,0.001503469,0.001760784,0.001122867
Deaths,Malaysia,Both,All Ages,Other non-communicable diseases,Percent,1991,0.027961203,0.033248906,0.022620198
Deaths,Malaysia,Both,All Ages,Skin and subcutaneous diseases,Percent,1991,0.004093885,0.005125627,0.003314714
Deaths,Malaysia,Both,All Ages,Other infectious diseases,Percent,1991,0.028816225,0.039357879,0.020570259
Deaths,Malaysia,Both,All Ages,Maternal and neonatal disorders,Percent,1991,0.045225641,0.052292332,0.038731892
Deaths,Malaysia,Both,All Ages,Substance use disorders,Percent,1991,0.002063266,0.002894206,0.001417382
Deaths,Malaysia,Both,All Ages,Neoplasms,Percent,1992,0.13840477,0.145843531,0.12910918
Deaths,Malaysia,Both,All Ages,Diabetes and kidney diseases,Percent,1991,0.057755473,0.061524819,0.053797159
Deaths,Malaysia,Both,All Ages,HIV/AIDS and sexually transmitted infections,Percent,1992,0.003150202,0.004515883,0.002105995
Deaths,Malaysia,Both,All Ages,Respiratory infections and tuberculosis,Percent,1992,0.091231123,0.105871167,0.082729946
Deaths,Malaysia,Both,All Ages,Enteric infections,Percent,1992,0.017915446,0.026145479,0.012407492
Deaths,Malaysia,Both,All Ages,Neurological disorders,Percent,1994,0.022881127,0.051913968,0.010366004
Deaths,Malaysia,Both,All Ages,Neglected tropical diseases and malaria,Percent,1995,0.003566604,0.005998826,0.002218512
Deaths,Malaysia,Both,All Ages,Unintentional injuries,Percent,1994,0.033800066,0.03648773,0.030172689
Deaths,Malaysia,Both,All Ages,Digestive diseases,Percent,1994,0.054024165,0.058997493,0.049048605
Deaths,Malaysia,Both,All Ages,Transport injuries,Percent,1994,0.057425656,0.061911806,0.051652517
Deaths,Malaysia,Both,All Ages,Neoplasms,Percent,1995,0.139075937,0.144798322,0.132277829
Deaths,Malaysia,Both,All Ages,Cardiovascular diseases,Percent,1994,0.337113357,0.354408881,0.318968976
Deaths,Malaysia,Both,All Ages,Skin and subcutaneous diseases,Percent,1994,0.004294582,0.00539305,0.003546495
Deaths,Malaysia,Both,All Ages,Other infectious diseases,Percent,1994,0.024219805,0.032671231,0.017993133
Deaths,Malaysia,Both,All Ages,Maternal and neonatal disorders,Percent,1994,0.0374083,0.041790172,0.033143202
Deaths,Malaysia,Both,All Ages,Musculoskeletal disorders,Percent,1994,0.001490499,0.001758021,0.001136094
Deaths,Malaysia,Both,All Ages,Other non-communicable diseases,Percent,1994,0.025806175,0.029825872,0.021851134
Deaths,Malaysia,Both,All Ages,Chronic respiratory diseases,Percent,1995,0.065689721,0.072927986,0.053292127
Deaths,Malaysia,Both,All Ages,Digestive diseases,Percent,1995,0.055733223,0.060497596,0.050695584
Deaths,Malaysia,Both,All Ages,Transport injuries,Percent,1995,0.058531643,0.062893903,0.05231447
Deaths,Malaysia,Both,All Ages,HIV/AIDS and sexually transmitted infections,Percent,1995,0.008339641,0.0103283,0.00575002
Deaths,Malaysia,Both,All Ages,Respiratory infections and tuberculosis,Percent,1995,0.09524505,0.107607264,0.087680383
Deaths,Malaysia,Both,All Ages,Enteric infections,Percent,1995,0.016212587,0.023701177,0.011182488
Deaths,Malaysia,Both,All Ages,Neoplasms,Percent,1994,0.138001785,0.144826995,0.130102035
Deaths,Malaysia,Both,All Ages,HIV/AIDS and sexually transmitted infections,Percent,1994,0.006512953,0.008554898,0.004440656
Deaths,Malaysia,Both,All Ages,Respiratory infections and tuberculosis,Percent,1994,0.094587753,0.107811382,0.08595332
Deaths,Malaysia,Both,All Ages,Enteric infections,Percent,1994,0.016839464,0.024932022,0.011490777
Deaths,Malaysia,Both,All Ages,Neglected tropical diseases and malaria,Percent,1994,0.003705179,0.006422764,0.00223086
Deaths,Malaysia,Both,All Ages,Cardiovascular diseases,Percent,1995,0.336993342,0.353474021,0.320274789
Deaths,Malaysia,Both,All Ages,Musculoskeletal disorders,Percent,1995,0.001511086,0.001764147,0.001138266
Deaths,Malaysia,Both,All Ages,Unintentional injuries,Percent,1995,0.033690692,0.03611249,0.030107549
Deaths,Malaysia,Both,All Ages,Self-harm and interpersonal violence,Percent,1995,0.0154931,0.018447625,0.014020895
Deaths,Malaysia,Both,All Ages,Musculoskeletal disorders,Percent,1996,0.001562865,0.00181175,0.001172139
Deaths,Malaysia,Both,All Ages,Other non-communicable diseases,Percent,1996,0.023487186,0.026198585,0.020564676
Deaths,Malaysia,Both,All Ages,Skin and subcutaneous diseases,Percent,1996,0.004078136,0.005259883,0.003431348
Deaths,Malaysia,Both,All Ages,Other infectious diseases,Percent,1996,0.021941204,0.028866074,0.016675997
Deaths,Malaysia,Both,All Ages,Maternal and neonatal disorders,Percent,1996,0.03063413,0.033879612,0.027553801
Deaths,Malaysia,Both,All Ages,Substance use disorders,Percent,1996,0.002233713,0.003135321,0.001535967
Deaths,Malaysia,Both,All Ages,Diabetes and kidney diseases,Percent,1996,0.058873971,0.062842763,0.055301871
Deaths,Malaysia,Both,All Ages,Other non-communicable diseases,Percent,1995,0.024570099,0.027945288,0.021064855
Deaths,Malaysia,Both,All Ages,Skin and subcutaneous diseases,Percent,1995,0.0041806,0.005309826,0.003520736
Deaths,Malaysia,Both,All Ages,Substance use disorders,Percent,1994,0.002074496,0.002934765,0.001420263
Deaths,Malaysia,Both,All Ages,Diabetes and kidney diseases,Percent,1994,0.057529567,0.061751674,0.053713873
Deaths,Malaysia,Both,All Ages,Mental disorders,Percent,1994,3.57E-06,6.62E-06,1.14E-06
Deaths,Malaysia,Both,All Ages,Self-harm and interpersonal violence,Percent,1994,0.015161984,0.017855611,0.013671412
Deaths,Malaysia,Both,All Ages,Chronic respiratory diseases,Percent,1994,0.0650114,0.072737089,0.053140074
Deaths,Malaysia,Both,All Ages,Nutritional deficiencies,Percent,1994,0.002108122,0.002438823,0.001806936
Deaths,Malaysia,Both,All Ages,Other infectious diseases,Percent,1995,0.022687034,0.030514744,0.016965215
Deaths,Malaysia,Both,All Ages,Maternal and neonatal disorders,Percent,1995,0.034031756,0.037740702,0.030447702
Deaths,Malaysia,Both,All Ages,Substance use disorders,Percent,1995,0.002125857,0.002975398,0.001459929
Deaths,Malaysia,Both,All Ages,Diabetes and kidney diseases,Percent,1995,0.057973429,0.062019804,0.054344894
Deaths,Malaysia,Both,All Ages,Nutritional deficiencies,Percent,1995,0.002095361,0.002407072,0.001804719
Deaths,Malaysia,Both,All Ages,Nutritional deficiencies,Percent,1997,0.001842785,0.002115991,0.001587797
Deaths,Malaysia,Both,All Ages,Neoplasms,Percent,1996,0.142436477,0.148022074,0.135893875
Deaths,Malaysia,Both,All Ages,Chronic respiratory diseases,Percent,1997,0.063820446,0.07033016,0.051239711
Deaths,Malaysia,Both,All Ages,Transport injuries,Percent,1996,0.060266272,0.06467287,0.053587457
Deaths,Malaysia,Both,All Ages,Unintentional injuries,Percent,1996,0.036874867,0.039360328,0.033320681
Deaths,Malaysia,Both,All Ages,Neurological disorders,Percent,1997,0.022451841,0.050140074,0.010402501
Deaths,Malaysia,Both,All Ages,Mental disorders,Percent,1997,4.48E-06,8.25E-06,1.51E-06
Deaths,Malaysia,Both,All Ages,Neurological disorders,Percent,1996,0.022315386,0.049913121,0.010367994
Deaths,Malaysia,Both,All Ages,HIV/AIDS and sexually transmitted infections,Percent,1997,0.013158706,0.014890559,0.009815565
Deaths,Malaysia,Both,All Ages,Respiratory infections and tuberculosis,Percent,1997,0.092014511,0.102817756,0.085404833
Deaths,Malaysia,Both,All Ages,Enteric infections,Percent,1997,0.014956987,0.021670692,0.010321527
Deaths,Malaysia,Both,All Ages,Chronic respiratory diseases,Percent,1996,0.065150515,0.072022081,0.052557866
Deaths,Malaysia,Both,All Ages,Digestive diseases,Percent,1996,0.056871041,0.061560046,0.051817197
Deaths,Malaysia,Both,All Ages,Neglected tropical diseases and malaria,Percent,1997,0.003182931,0.004607886,0.002087166
Deaths,Malaysia,Both,All Ages,Self-harm and interpersonal violence,Percent,1997,0.016852564,0.019892742,0.015360617
Deaths,Malaysia,Both,All Ages,Cardiovascular diseases,Percent,1996,0.331990117,0.348322578,0.315745248
Deaths,Malaysia,Both,All Ages,Digestive diseases,Percent,1997,0.057424847,0.06212415,0.05264215
Deaths,Malaysia,Both,All Ages,Transport injuries,Percent,1997,0.062055405,0.066602868,0.055096782
Deaths,Malaysia,Both,All Ages,Mental disorders,Percent,1996,4.09E-06,7.61E-06,1.33E-06
Deaths,Malaysia,Both,All Ages,Self-harm and interpersonal violence,Percent,1996,0.016226947,0.019251321,0.014740596
Deaths,Malaysia,Both,All Ages,Nutritional deficiencies,Percent,1996,0.001953107,0.002246178,0.001689878
Deaths,Malaysia,Both,All Ages,Neoplasms,Percent,1997,0.145041307,0.150421055,0.138610251
Deaths,Malaysia,Both,All Ages,Neglected tropical diseases and malaria,Percent,1996,0.003498601,0.005876868,0.002149795
Deaths,Malaysia,Both,All Ages,Unintentional injuries,Percent,1997,0.034033432,0.036389359,0.030457283
Deaths,Malaysia,Both,All Ages,Neurological disorders,Percent,1995,0.022249508,0.05012888,0.010338964
Deaths,Malaysia,Both,All Ages,Mental disorders,Percent,1995,3.73E-06,6.93E-06,1.20E-06
Deaths,Malaysia,Both,All Ages,Neurological disorders,Percent,1998,0.022951841,0.051344566,0.010516242
Deaths,Malaysia,Both,All Ages,Mental disorders,Percent,1998,4.83E-06,9.13E-06,1.58E-06
Deaths,Malaysia,Both,All Ages,Cardiovascular diseases,Percent,1997,0.328724333,0.34456438,0.313289576
Deaths,Malaysia,Both,All Ages,HIV/AIDS and sexually transmitted infections,Percent,1996,0.010804431,0.01271374,0.007660308
Deaths,Malaysia,Both,All Ages,Respiratory infections and tuberculosis,Percent,1996,0.093508099,0.104833312,0.086396367
Deaths,Malaysia,Both,All Ages,Enteric infections,Percent,1996,0.015288843,0.022274516,0.010491173
Deaths,Malaysia,Both,All Ages,Neoplasms,Percent,1998,0.147654746,0.153061684,0.141330918
Deaths,Malaysia,Both,All Ages,Musculoskeletal disorders,Percent,1998,0.001659366,0.001903846,0.001237946
Deaths,Malaysia,Both,All Ages,Other non-communicable diseases,Percent,1998,0.022864996,0.025261506,0.020315802
Deaths,Malaysia,Both,All Ages,Skin and subcutaneous diseases,Percent,1998,0.004046726,0.005241174,0.003471178
Deaths,Malaysia,Both,All Ages,Other infectious diseases,Percent,1998,0.021624074,0.028113249,0.01677097
Deaths,Malaysia,Both,All Ages,Maternal and neonatal disorders,Percent,1998,0.027725144,0.030146901,0.025462452
Deaths,Malaysia,Both,All Ages,Substance use disorders,Percent,1998,0.002351923,0.003270523,0.001639957
Deaths,Malaysia,Both,All Ages,Diabetes and kidney diseases,Percent,1998,0.061234365,0.064773723,0.057929255
Deaths,Malaysia,Both,All Ages,Musculoskeletal disorders,Percent,1997,0.00161268,0.001849352,0.001197319
Deaths,Malaysia,Both,All Ages,Other non-communicable diseases,Percent,1997,0.023707066,0.026526855,0.020658443
Deaths,Malaysia,Both,All Ages,Cardiovascular diseases,Percent,1998,0.330208252,0.345010763,0.314915395
Deaths,Malaysia,Both,All Ages,HIV/AIDS and sexually transmitted infections,Percent,1998,0.015462652,0.016985941,0.012132086
Deaths,Malaysia,Both,All Ages,Respiratory infections and tuberculosis,Percent,1998,0.089744338,0.100443635,0.083473433
Deaths,Malaysia,Both,All Ages,Enteric infections,Percent,1998,0.014644903,0.021189648,0.010150862
Deaths,Malaysia,Both,All Ages,Chronic respiratory diseases,Percent,1998,0.06260644,0.068218059,0.050083413
Deaths,Malaysia,Both,All Ages,Digestive diseases,Percent,1998,0.05794635,0.06224855,0.053342449
Deaths,Malaysia,Both,All Ages,Nutritional deficiencies,Percent,1998,0.001747131,0.001990545,0.001515332
Deaths,Malaysia,Both,All Ages,Transport injuries,Percent,1998,0.062143846,0.066316229,0.055350533
Deaths,Malaysia,Both,All Ages,Unintentional injuries,Percent,1998,0.033746534,0.036031782,0.030333059
Deaths,Malaysia,Both,All Ages,Self-harm and interpersonal violence,Percent,1998,0.017025316,0.01985042,0.015555235
Deaths,Malaysia,Both,All Ages,Diabetes and kidney diseases,Percent,1997,0.059808035,0.063420965,0.056246779
Deaths,Malaysia,Both,All Ages,Skin and subcutaneous diseases,Percent,1997,0.00403864,0.005214651,0.003436805
Deaths,Malaysia,Both,All Ages,Other infectious diseases,Percent,1997,0.022420752,0.028875119,0.017276972
Deaths,Malaysia,Both,All Ages,Maternal and neonatal disorders,Percent,1997,0.03053639,0.033616366,0.027748316
Deaths,Malaysia,Both,All Ages,Substance use disorders,Percent,1997,0.002311866,0.003209194,0.001591112
Deaths,Malaysia,Both,All Ages,Neglected tropical diseases and malaria,Percent,1998,0.002606226,0.003709155,0.001582303
Deaths,Malaysia,Both,All Ages,Skin and subcutaneous diseases,Percent,1999,0.003838251,0.005058677,0.003341397
Deaths,Malaysia,Both,All Ages,Other infectious diseases,Percent,1999,0.019989676,0.025696728,0.015877961
Deaths,Malaysia,Both,All Ages,Maternal and neonatal disorders,Percent,1999,0.026219183,0.028448521,0.024184463
Deaths,Malaysia,Both,All Ages,Substance use disorders,Percent,1999,0.002348113,0.003194536,0.001659996
Deaths,Malaysia,Both,All Ages,HIV/AIDS and sexually transmitted infections,Percent,1999,0.015776371,0.016988973,0.012880978
Deaths,Malaysia,Both,All Ages,Respiratory infections and tuberculosis,Percent,1999,0.088238795,0.098106637,0.083063548
Deaths,Malaysia,Both,All Ages,Enteric infections,Percent,1999,0.01316343,0.019272984,0.009024302
Deaths,Malaysia,Both,All Ages,Nutritional deficiencies,Percent,2000,0.001645499,0.001835586,0.001458666
Deaths,Malaysia,Both,All Ages,Diabetes and kidney diseases,Percent,1999,0.063212255,0.066305432,0.060142584
Deaths,Malaysia,Both,All Ages,Neglected tropical diseases and malaria,Percent,2000,0.00252667,0.003702572,0.001557425
Deaths,Malaysia,Both,All Ages,Musculoskeletal disorders,Percent,2000,0.001683072,0.001906626,0.001256607
Deaths,Malaysia,Both,All Ages,Other non-communicable diseases,Percent,2000,0.020424464,0.022062661,0.018771893
Deaths,Malaysia,Both,All Ages,Neoplasms,Percent,2000,0.150969336,0.155316147,0.14537867
Deaths,Malaysia,Both,All Ages,Neurological disorders,Percent,2000,0.023225838,0.0518219,0.010581834
Deaths,Malaysia,Both,All Ages,Mental disorders,Percent,2000,5.23E-06,9.75E-06,1.71E-06
Deaths,Malaysia,Both,All Ages,Chronic respiratory diseases,Percent,2000,0.063275921,0.067930967,0.050342497
Deaths,Malaysia,Both,All Ages,Cardiovascular diseases,Percent,2000,0.340561952,0.352552227,0.325618243
Deaths,Malaysia,Both,All Ages,Digestive diseases,Percent,2000,0.058654349,0.06237433,0.054671907
Deaths,Malaysia,Both,All Ages,Transport injuries,Percent,2000,0.060574603,0.064287067,0.053793827
Deaths,Malaysia,Both,All Ages,Unintentional injuries,Percent,2000,0.032187864,0.034212662,0.028802482
Deaths,Malaysia,Both,All Ages,Self-harm and interpersonal violence,Percent,2000,0.01698756,0.01960737,0.01549231
Deaths,Malaysia,Both,All Ages,Substance use disorders,Percent,2000,0.002267123,0.003061411,0.001652231
Deaths,Malaysia,Both,All Ages,Diabetes and kidney diseases,Percent,2000,0.064240559,0.067183979,0.061144855
Deaths,Malaysia,Both,All Ages,Skin and subcutaneous diseases,Percent,2000,0.004020796,0.005265892,0.003555312
Deaths,Malaysia,Both,All Ages,Other infectious diseases,Percent,2000,0.018410851,0.023465393,0.014550951
Deaths,Malaysia,Both,All Ages,Maternal and neonatal disorders,Percent,2000,0.021195296,0.022878173,0.019646555
Deaths,Malaysia,Both,All Ages,Neoplasms,Percent,2001,0.152059664,0.156111271,0.146333515
Deaths,Malaysia,Both,All Ages,Cardiovascular diseases,Percent,2001,0.343235015,0.355043489,0.328213252
Deaths,Malaysia,Both,All Ages,Musculoskeletal disorders,Percent,2001,0.001687474,0.001903825,0.001259379
Deaths,Malaysia,Both,All Ages,HIV/AIDS and sexually transmitted infections,Percent,2000,0.018072628,0.019253451,0.015243867
Deaths,Malaysia,Both,All Ages,Respiratory infections and tuberculosis,Percent,2000,0.086009884,0.096646542,0.081432802
Deaths,Malaysia,Both,All Ages,Enteric infections,Percent,2000,0.013060502,0.019115865,0.009006998
Deaths,Malaysia,Both,All Ages,Other non-communicable diseases,Percent,2001,0.019768116,0.021202015,0.018166401
Deaths,Malaysia,Both,All Ages,Skin and subcutaneous diseases,Percent,2001,0.004300814,0.005513775,0.003822508
Deaths,Malaysia,Both,All Ages,HIV/AIDS and sexually transmitted infections,Percent,2001,0.019516068,0.02069185,0.01675721
Deaths,Malaysia,Both,All Ages,Respiratory infections and tuberculosis,Percent,2001,0.086826216,0.096919117,0.082039411
Deaths,Malaysia,Both,All Ages,Enteric infections,Percent,2001,0.013161342,0.019187515,0.009061297
Deaths,Malaysia,Both,All Ages,Other infectious diseases,Percent,2001,0.017536427,0.02208597,0.013931659
Deaths,Malaysia,Both,All Ages,Maternal and neonatal disorders,Percent,2001,0.018118052,0.019740618,0.016676027
Deaths,Malaysia,Both,All Ages,Substance use disorders,Percent,2001,0.00211251,0.00279902,0.001601086
Deaths,Malaysia,Both,All Ages,Diabetes and kidney diseases,Percent,2001,0.064591854,0.067388553,0.061476509
Deaths,Malaysia,Both,All Ages,Neglected tropical diseases and malaria,Percent,2001,0.002549453,0.003639677,0.001474056
Deaths,Malaysia,Both,All Ages,Nutritional deficiencies,Percent,2001,0.001627261,0.001829633,0.001447553
Deaths,Malaysia,Both,All Ages,Neurological disorders,Percent,2001,0.023751215,0.053207957,0.010791169
Deaths,Malaysia,Both,All Ages,Mental disorders,Percent,2001,5.37E-06,9.96E-06,1.76E-06
Deaths,Malaysia,Both,All Ages,Self-harm and interpersonal violence,Percent,2001,0.016869268,0.019353148,0.015226996
Deaths,Malaysia,Both,All Ages,Nutritional deficiencies,Percent,1999,0.001701691,0.00191857,0.001509568
Deaths,Malaysia,Both,All Ages,Neoplasms,Percent,1999,0.147897209,0.153186875,0.141938639
Deaths,Malaysia,Both,All Ages,Chronic respiratory diseases,Percent,2001,0.063770955,0.068175521,0.051469184
Deaths,Malaysia,Both,All Ages,Neurological disorders,Percent,1999,0.022259535,0.04920341,0.010298115
Deaths,Malaysia,Both,All Ages,Mental disorders,Percent,1999,4.86E-06,9.05E-06,1.58E-06
Deaths,Malaysia,Both,All Ages,Self-harm and interpersonal violence,Percent,1999,0.01684119,0.019760599,0.015336953
Deaths,Malaysia,Both,All Ages,Digestive diseases,Percent,2001,0.059445773,0.062814426,0.055703353
Deaths,Malaysia,Both,All Ages,Transport injuries,Percent,2001,0.057846344,0.061166824,0.051604369
Deaths,Malaysia,Both,All Ages,Unintentional injuries,Percent,2001,0.031220808,0.033051395,0.028007128
Deaths,Malaysia,Both,All Ages,Neglected tropical diseases and malaria,Percent,1999,0.002324813,0.00330875,0.001286024
Deaths,Malaysia,Both,All Ages,Chronic respiratory diseases,Percent,1999,0.062625799,0.06780364,0.049786507
Deaths,Malaysia,Both,All Ages,Digestive diseases,Percent,1999,0.057350905,0.062138501,0.052336627
Deaths,Malaysia,Both,All Ages,Transport injuries,Percent,1999,0.06196837,0.066339779,0.054675453
Deaths,Malaysia,Both,All Ages,Unintentional injuries,Percent,1999,0.033052827,0.035312195,0.029624491
Deaths,Malaysia,Both,All Ages,Cardiovascular diseases,Percent,1999,0.337527995,0.349795107,0.322671309
Deaths,Malaysia,Both,All Ages,Musculoskeletal disorders,Percent,1999,0.001670032,0.001912947,0.001238377
Deaths,Malaysia,Both,All Ages,Other non-communicable diseases,Percent,1999,0.021988697,0.024400531,0.019412924
Deaths,Malaysia,Both,All Ages,Cardiovascular diseases,Percent,2002,0.345128787,0.356208225,0.330361011
Deaths,Malaysia,Both,All Ages,Musculoskeletal disorders,Percent,2002,0.001711979,0.001929678,0.001273018
Deaths,Malaysia,Both,All Ages,Other non-communicable diseases,Percent,2002,0.020084679,0.021464869,0.018279083
Deaths,Malaysia,Both,All Ages,Skin and subcutaneous diseases,Percent,2002,0.004724816,0.005834644,0.004208766
Deaths,Malaysia,Both,All Ages,Other infectious diseases,Percent,2002,0.016204031,0.020452466,0.012785021
Deaths,Malaysia,Both,All Ages,Maternal and neonatal disorders,Percent,2002,0.016971398,0.018784033,0.015281922
Deaths,Malaysia,Both,All Ages,Substance use disorders,Percent,2002,0.001988717,0.002619099,0.001538954
Deaths,Malaysia,Both,All Ages,Diabetes and kidney diseases,Percent,2002,0.064701435,0.067312449,0.061654211
Deaths,Malaysia,Both,All Ages,Neglected tropical diseases and malaria,Percent,2002,0.002641005,0.003837912,0.001482708
Deaths,Malaysia,Both,All Ages,Chronic respiratory diseases,Percent,2002,0.062426003,0.066554234,0.051613171
Deaths,Malaysia,Both,All Ages,Digestive diseases,Percent,2002,0.059933102,0.063071071,0.056358148
Deaths,Malaysia,Both,All Ages,Transport injuries,Percent,2002,0.056484381,0.059746166,0.05037425
Deaths,Malaysia,Both,All Ages,Unintentional injuries,Percent,2002,0.030900966,0.032642147,0.027692639
Deaths,Malaysia,Both,All Ages,Self-harm and interpersonal violence,Percent,2006,0.017138827,0.020011005,0.015845863
Deaths,Malaysia,Both,All Ages,Other infectious diseases,Percent,2006,0.012157224,0.014707,0.010153114
Deaths,Malaysia,Both,All Ages,Maternal and neonatal disorders,Percent,2006,0.014267856,0.015837402,0.01290411
Deaths,Malaysia,Both,All Ages,Substance use disorders,Percent,2006,0.001895711,0.002420784,0.001526374
Deaths,Malaysia,Both,All Ages,Diabetes and kidney diseases,Percent,2006,0.060140662,0.062694141,0.057531108
Deaths,Malaysia,Both,All Ages,Neurological disorders,Percent,2002,0.023968888,0.053776508,0.010957276
Deaths,Malaysia,Both,All Ages,Musculoskeletal disorders,Percent,2006,0.001831928,0.002098358,0.001376366
Deaths,Malaysia,Both,All Ages,Other non-communicable diseases,Percent,2006,0.02280411,0.024403456,0.018077749
Deaths,Malaysia,Both,All Ages,Skin and subcutaneous diseases,Percent,2006,0.00648911,0.007220271,0.005152912
Deaths,Malaysia,Both,All Ages,Nutritional deficiencies,Percent,2004,0.001510742,0.001667819,0.001360281
Deaths,Malaysia,Both,All Ages,Chronic respiratory diseases,Percent,2006,0.052512809,0.056498449,0.047040163
Deaths,Malaysia,Both,All Ages,Digestive diseases,Percent,2006,0.059452028,0.062687898,0.056137628
Deaths,Malaysia,Both,All Ages,Neglected tropical diseases and malaria,Percent,2004,0.0024211,0.003321681,0.001253176
Deaths,Malaysia,Both,All Ages,Transport injuries,Percent,2004,0.05845235,0.06139156,0.051931952
Deaths,Malaysia,Both,All Ages,Unintentional injuries,Percent,2004,0.031544816,0.033225639,0.028427617
Deaths,Malaysia,Both,All Ages,Neurological disorders,Percent,2004,0.024492844,0.05410854,0.01127247
Deaths,Malaysia,Both,All Ages,Cardiovascular diseases,Percent,2006,0.34347194,0.356736551,0.327841365
Deaths,Malaysia,Both,All Ages,Neglected tropical diseases and malaria,Percent,2003,0.002432747,0.003321761,0.001288606
Deaths,Malaysia,Both,All Ages,Mental disorders,Percent,2002,5.47E-06,1.03E-05,1.84E-06
Deaths,Malaysia,Both,All Ages,Self-harm and interpersonal violence,Percent,2002,0.016773086,0.019117983,0.01523166
Deaths,Malaysia,Both,All Ages,Neoplasms,Percent,2003,0.155907486,0.160087952,0.150284462
Deaths,Malaysia,Both,All Ages,Neoplasms,Percent,2004,0.158716648,0.163358332,0.153092427
Deaths,Malaysia,Both,All Ages,Cardiovascular diseases,Percent,2003,0.344540572,0.355258929,0.330171445
Deaths,Malaysia,Both,All Ages,Musculoskeletal disorders,Percent,2003,0.001778457,0.001987266,0.001311766
Deaths,Malaysia,Both,All Ages,HIV/AIDS and sexually transmitted infections,Percent,2002,0.019876271,0.020958381,0.017650595
Deaths,Malaysia,Both,All Ages,Respiratory infections and tuberculosis,Percent,2002,0.087458298,0.096469742,0.082676542
Deaths,Malaysia,Both,All Ages,Enteric infections,Percent,2002,0.012938676,0.018979319,0.008848448
Deaths,Malaysia,Both,All Ages,Chronic respiratory diseases,Percent,2003,0.060076169,0.063931668,0.050670597
Deaths,Malaysia,Both,All Ages,Neurological disorders,Percent,2003,0.024009117,0.053211186,0.011088872
Deaths,Malaysia,Both,All Ages,Mental disorders,Percent,2003,5.58E-06,1.03E-05,1.91E-06
Deaths,Malaysia,Both,All Ages,Neglected tropical diseases and malaria,Percent,2005,0.002356664,0.003446454,0.001284779
Deaths,Malaysia,Both,All Ages,HIV/AIDS and sexually transmitted infections,Percent,2003,0.019124835,0.020173541,0.01766787
Deaths,Malaysia,Both,All Ages,Respiratory infections and tuberculosis,Percent,2003,0.088666962,0.095953619,0.083846843
Deaths,Malaysia,Both,All Ages,Enteric infections,Percent,2003,0.012264956,0.018034884,0.008329268
Deaths,Malaysia,Both,All Ages,Neoplasms,Percent,2002,0.15344063,0.157281596,0.147702018
Deaths,Malaysia,Both,All Ages,Unintentional injuries,Percent,2003,0.030937641,0.032656857,0.027865094
Deaths,Malaysia,Both,All Ages,Chronic respiratory diseases,Percent,2005,0.05485485,0.058328352,0.048283606
Deaths,Malaysia,Both,All Ages,Mental disorders,Percent,2004,5.73E-06,1.06E-05,1.99E-06
Deaths,Malaysia,Both,All Ages,Self-harm and interpersonal violence,Percent,2004,0.01749448,0.020321065,0.016128514
Deaths,Malaysia,Both,All Ages,Digestive diseases,Percent,2003,0.059445104,0.062674776,0.05590847
Deaths,Malaysia,Both,All Ages,Transport injuries,Percent,2003,0.058211601,0.061077907,0.051613416
Deaths,Malaysia,Both,All Ages,Neurological disorders,Percent,2006,0.02544935,0.056084073,0.011633477
Deaths,Malaysia,Both,All Ages,Mental disorders,Percent,2006,5.87E-06,1.09E-05,2.05E-06
Deaths,Malaysia,Both,All Ages,HIV/AIDS and sexually transmitted infections,Percent,2004,0.018530918,0.019702311,0.017276156
Deaths,Malaysia,Both,All Ages,Respiratory infections and tuberculosis,Percent,2004,0.090361932,0.096020523,0.085388317
Deaths,Malaysia,Both,All Ages,Enteric infections,Percent,2004,0.012171175,0.017853787,0.008252809
Deaths,Malaysia,Both,All Ages,Nutritional deficiencies,Percent,2003,0.00157678,0.001741848,0.001414384
Deaths,Malaysia,Both,All Ages,Self-harm and interpersonal violence,Percent,2003,0.017318432,0.020046006,0.015910941
Deaths,Malaysia,Both,All Ages,Other infectious diseases,Percent,2004,0.014880766,0.01818122,0.012174932
Deaths,Malaysia,Both,All Ages,Maternal and neonatal disorders,Percent,2004,0.01610133,0.017887204,0.014426812
Deaths,Malaysia,Both,All Ages,Substance use disorders,Percent,2004,0.001959395,0.002508061,0.001565234
Deaths,Malaysia,Both,All Ages,Diabetes and kidney diseases,Percent,2004,0.063347417,0.065843536,0.060592163
Deaths,Malaysia,Both,All Ages,Other non-communicable diseases,Percent,2003,0.020547606,0.021840668,0.018356289
Deaths,Malaysia,Both,All Ages,Skin and subcutaneous diseases,Percent,2003,0.004980579,0.005964464,0.004460111
Deaths,Malaysia,Both,All Ages,HIV/AIDS and sexually transmitted infections,Percent,2006,0.017556466,0.018873316,0.016254368
Deaths,Malaysia,Both,All Ages,Respiratory infections and tuberculosis,Percent,2006,0.098304414,0.102855615,0.089472162
Deaths,Malaysia,Both,All Ages,Enteric infections,Percent,2006,0.012159453,0.017843329,0.008285791
Deaths,Malaysia,Both,All Ages,Chronic respiratory diseases,Percent,2004,0.057317034,0.060981774,0.049304553
Deaths,Malaysia,Both,All Ages,Digestive diseases,Percent,2004,0.05948875,0.062757074,0.05605177
Deaths,Malaysia,Both,All Ages,Cardiovascular diseases,Percent,2004,0.342716545,0.353590989,0.327948398
Deaths,Malaysia,Both,All Ages,Digestive diseases,Percent,2005,0.059562892,0.062732302,0.056273644
Deaths,Malaysia,Both,All Ages,Transport injuries,Percent,2005,0.057874391,0.060685509,0.05131023
Deaths,Malaysia,Both,All Ages,Transport injuries,Percent,2006,0.057244869,0.059982563,0.050633353
Deaths,Malaysia,Both,All Ages,Unintentional injuries,Percent,2006,0.029930414,0.031506261,0.0269644
Deaths,Malaysia,Both,All Ages,Nutritional deficiencies,Percent,2002,0.001637382,0.001827959,0.001464941
Deaths,Malaysia,Both,All Ages,Nutritional deficiencies,Percent,2005,0.001506792,0.001662435,0.001353359
Deaths,Malaysia,Both,All Ages,Unintentional injuries,Percent,2005,0.030507692,0.032108469,0.027596538
Deaths,Malaysia,Both,All Ages,Neurological disorders,Percent,2005,0.024992462,0.055155634,0.011470711
Deaths,Malaysia,Both,All Ages,Mental disorders,Percent,2005,5.82E-06,1.08E-05,2.02E-06
Deaths,Malaysia,Both,All Ages,Nutritional deficiencies,Percent,2006,0.001474443,0.001633759,0.001326306
Deaths,Malaysia,Both,All Ages,Musculoskeletal disorders,Percent,2004,0.00180769,0.002029793,0.001335039
Deaths,Malaysia,Both,All Ages,Other non-communicable diseases,Percent,2004,0.021295988,0.022657244,0.018351372
Deaths,Malaysia,Both,All Ages,Skin and subcutaneous diseases,Percent,2004,0.005382351,0.006198789,0.004779407
Deaths,Malaysia,Both,All Ages,Musculoskeletal disorders,Percent,2005,0.001816137,0.002071182,0.00135955
Deaths,Malaysia,Both,All Ages,Other non-communicable diseases,Percent,2005,0.022409975,0.023839968,0.018564701
Deaths,Malaysia,Both,All Ages,Cardiovascular diseases,Percent,2005,0.342921325,0.355037435,0.327783878
Deaths,Malaysia,Both,All Ages,Diabetes and kidney diseases,Percent,2005,0.061962383,0.064507207,0.059372377
Deaths,Malaysia,Both,All Ages,Neoplasms,Percent,2006,0.163542762,0.16829103,0.158084047
Deaths,Malaysia,Both,All Ages,Self-harm and interpersonal violence,Percent,2005,0.01745366,0.020317581,0.016120847
Deaths,Malaysia,Both,All Ages,HIV/AIDS and sexually transmitted infections,Percent,2005,0.018012005,0.019216977,0.016648523
Deaths,Malaysia,Both,All Ages,Respiratory infections and tuberculosis,Percent,2005,0.09391604,0.098859681,0.087754638
Deaths,Malaysia,Both,All Ages,Enteric infections,Percent,2005,0.0123349,0.018133973,0.008471718
Deaths,Malaysia,Both,All Ages,Other infectious diseases,Percent,2003,0.015448852,0.01913908,0.012576241
Deaths,Malaysia,Both,All Ages,Maternal and neonatal disorders,Percent,2003,0.016387989,0.01824115,0.01457458
Deaths,Malaysia,Both,All Ages,Substance use disorders,Percent,2003,0.001971757,0.002546574,0.001553053
Deaths,Malaysia,Both,All Ages,Diabetes and kidney diseases,Percent,2003,0.064366782,0.067010054,0.061544388
Deaths,Malaysia,Both,All Ages,Neglected tropical diseases and malaria,Percent,2006,0.002169755,0.003363882,0.001179978
Deaths,Malaysia,Both,All Ages,Skin and subcutaneous diseases,Percent,2005,0.005911834,0.006653372,0.004970426
Deaths,Malaysia,Both,All Ages,Other infectious diseases,Percent,2005,0.012933471,0.015629619,0.010999898
Deaths,Malaysia,Both,All Ages,Maternal and neonatal disorders,Percent,2005,0.0157261,0.017487873,0.014186986
Deaths,Malaysia,Both,All Ages,Substance use disorders,Percent,2005,0.001922321,0.002460099,0.00154001
Deaths,Malaysia,Both,All Ages,Neoplasms,Percent,2005,0.161018284,0.165554397,0.155557081
Deaths,Malaysia,Both,All Ages,HIV/AIDS and sexually transmitted infections,Percent,2007,0.017225642,0.018906841,0.015778904
Deaths,Malaysia,Both,All Ages,Respiratory infections and tuberculosis,Percent,2007,0.103955602,0.108720585,0.08998843
Deaths,Malaysia,Both,All Ages,Enteric infections,Percent,2007,0.011962761,0.017621092,0.008104161
Deaths,Malaysia,Both,All Ages,Digestive diseases,Percent,2007,0.058985725,0.062348329,0.055781704
Deaths,Malaysia,Both,All Ages,Transport injuries,Percent,2007,0.056621538,0.059340786,0.049936399
Deaths,Malaysia,Both,All Ages,Unintentional injuries,Percent,2007,0.029660318,0.031179565,0.02674803
Deaths,Malaysia,Both,All Ages,Neglected tropical diseases and malaria,Percent,2008,0.001951977,0.003154752,0.001184073
Deaths,Malaysia,Both,All Ages,Nutritional deficiencies,Percent,2007,0.001460511,0.00161866,0.001310787
Deaths,Malaysia,Both,All Ages,Neglected tropical diseases and malaria,Percent,2007,0.002514341,0.003730251,0.001636952
Deaths,Malaysia,Both,All Ages,Musculoskeletal disorders,Percent,2007,0.001834026,0.002110204,0.001389508
Deaths,Malaysia,Both,All Ages,Other non-communicable diseases,Percent,2007,0.023795116,0.025514201,0.01804843
Deaths,Malaysia,Both,All Ages,Nutritional deficiencies,Percent,2008,0.001446698,0.001603182,0.001299528
Deaths,Malaysia,Both,All Ages,Neoplasms,Percent,2007,0.164818926,0.169911253,0.159264373
Deaths,Malaysia,Both,All Ages,Cardiovascular diseases,Percent,2007,0.341586735,0.356888522,0.324942972
Deaths,Malaysia,Both,All Ages,Neurological disorders,Percent,2007,0.02570944,0.056505144,0.011713175
Deaths,Malaysia,Both,All Ages,Digestive diseases,Percent,2008,0.058091865,0.06223452,0.054345878
Deaths,Malaysia,Both,All Ages,Transport injuries,Percent,2008,0.056728639,0.059308879,0.049881297
Deaths,Malaysia,Both,All Ages,Skin and subcutaneous diseases,Percent,2007,0.007119924,0.007961796,0.005222807
Deaths,Malaysia,Both,All Ages,Other infectious diseases,Percent,2007,0.012062659,0.014810363,0.009818632
Deaths,Malaysia,Both,All Ages,Maternal and neonatal disorders,Percent,2007,0.014190643,0.015657205,0.012746202
Deaths,Malaysia,Both,All Ages,Substance use disorders,Percent,2007,0.001871379,0.002368774,0.001505517
Deaths,Malaysia,Both,All Ages,Mental disorders,Percent,2007,5.84E-06,1.06E-05,2.02E-06
Deaths,Malaysia,Both,All Ages,Self-harm and interpersonal violence,Percent,2007,0.016765427,0.019673395,0.015504216
Deaths,Malaysia,Both,All Ages,Chronic respiratory diseases,Percent,2007,0.049896846,0.055606131,0.045877566
Deaths,Malaysia,Both,All Ages,Neurological disorders,Percent,2008,0.025559858,0.056456146,0.011706594
Deaths,Malaysia,Both,All Ages,Mental disorders,Percent,2008,5.70E-06,1.01E-05,1.97E-06
Deaths,Malaysia,Both,All Ages,Musculoskeletal disorders,Percent,2008,0.001820356,0.002127222,0.001388386
Deaths,Malaysia,Both,All Ages,Other non-communicable diseases,Percent,2008,0.024849756,0.026732355,0.017982889
Deaths,Malaysia,Both,All Ages,Cardiovascular diseases,Percent,2008,0.340466534,0.357253665,0.324282411
Deaths,Malaysia,Both,All Ages,Neoplasms,Percent,2008,0.164635075,0.170073689,0.159256305
Deaths,Malaysia,Both,All Ages,Chronic respiratory diseases,Percent,2008,0.047456676,0.054850511,0.043588285
Deaths,Malaysia,Both,All Ages,Unintentional injuries,Percent,2008,0.02888127,0.030361754,0.026177357
Deaths,Malaysia,Both,All Ages,Self-harm and interpersonal violence,Percent,2008,0.016434185,0.019432264,0.015258681
Deaths,Malaysia,Both,All Ages,Diabetes and kidney diseases,Percent,2007,0.057956602,0.06075288,0.055333148
Deaths,Malaysia,Both,All Ages,Skin and subcutaneous diseases,Percent,2008,0.00772934,0.008667556,0.005296799
Deaths,Malaysia,Both,All Ages,Other infectious diseases,Percent,2008,0.01197138,0.014692234,0.009367794
Deaths,Malaysia,Both,All Ages,Maternal and neonatal disorders,Percent,2008,0.01425853,0.015706019,0.013087972
Deaths,Malaysia,Both,All Ages,Substance use disorders,Percent,2008,0.001855126,0.002335706,0.001508505
Deaths,Malaysia,Both,All Ages,Diabetes and kidney diseases,Percent,2008,0.05601581,0.059273368,0.053442554
Deaths,Malaysia,Both,All Ages,HIV/AIDS and sexually transmitted infections,Percent,2008,0.016435763,0.018469465,0.014673631
Deaths,Malaysia,Both,All Ages,Respiratory infections and tuberculosis,Percent,2008,0.111788226,0.11739952,0.091495598
Deaths,Malaysia,Both,All Ages,Enteric infections,Percent,2008,0.011617235,0.017188578,0.007831478
Deaths,Malaysia,Both,All Ages,Neoplasms,Percent,2009,0.164206288,0.170590468,0.158618653
Deaths,Malaysia,Both,All Ages,Neglected tropical diseases and malaria,Percent,2009,0.001757826,0.002923359,0.001053111
Deaths,Malaysia,Both,All Ages,Cardiovascular diseases,Percent,2009,0.3371681,0.357859185,0.321450259
Deaths,Malaysia,Both,All Ages,Musculoskeletal disorders,Percent,2009,0.001822002,0.002137816,0.00139614
Deaths,Malaysia,Both,All Ages,Chronic respiratory diseases,Percent,2009,0.044873386,0.053385884,0.041150177
Deaths,Malaysia,Both,All Ages,Other non-communicable diseases,Percent,2009,0.026121337,0.028302055,0.018225613
Deaths,Malaysia,Both,All Ages,Skin and subcutaneous diseases,Percent,2009,0.008468409,0.009507654,0.005330399
Deaths,Malaysia,Both,All Ages,Digestive diseases,Percent,2009,0.057439137,0.061629413,0.053566857
Deaths,Malaysia,Both,All Ages,Transport injuries,Percent,2009,0.05684763,0.0591778,0.049646944
Deaths,Malaysia,Both,All Ages,Unintentional injuries,Percent,2009,0.028742205,0.030204882,0.025962847
Deaths,Malaysia,Both,All Ages,Other infectious diseases,Percent,2009,0.011996574,0.014395669,0.00925632
Deaths,Malaysia,Both,All Ages,Maternal and neonatal disorders,Percent,2009,0.014368036,0.015925011,0.013268317
Deaths,Malaysia,Both,All Ages,Substance use disorders,Percent,2009,0.001839054,0.002303705,0.00150779
Deaths,Malaysia,Both,All Ages,Diabetes and kidney diseases,Percent,2009,0.05431775,0.057921207,0.051803118
Deaths,Malaysia,Both,All Ages,HIV/AIDS and sexually transmitted infections,Percent,2009,0.015787876,0.018171608,0.013648831
Deaths,Malaysia,Both,All Ages,Respiratory infections and tuberculosis,Percent,2009,0.119897378,0.126459437,0.091668512
Deaths,Malaysia,Both,All Ages,Enteric infections,Percent,2009,0.011485929,0.01712324,0.007738828
Deaths,Malaysia,Both,All Ages,Nutritional deficiencies,Percent,2009,0.001445745,0.001608676,0.00130139
Deaths,Malaysia,Both,All Ages,Neurological disorders,Percent,2009,0.025377961,0.056473831,0.011746531
Deaths,Malaysia,Both,All Ages,Mental disorders,Percent,2009,5.62E-06,9.85E-06,1.96E-06
Deaths,Malaysia,Both,All Ages,Self-harm and interpersonal violence,Percent,2009,0.016031759,0.019174885,0.014883034
Deaths,Malaysia,Both,All Ages,Nutritional deficiencies,Percent,2010,0.001396979,0.001545046,0.001244128
Deaths,Malaysia,Both,All Ages,Cardiovascular diseases,Percent,2010,0.332404238,0.359012381,0.316742903
Deaths,Malaysia,Both,All Ages,Musculoskeletal disorders,Percent,2010,0.001815,0.00219245,0.001443137
Deaths,Malaysia,Both,All Ages,Other non-communicable diseases,Percent,2010,0.026531384,0.029347646,0.016935023
Deaths,Malaysia,Both,All Ages,Neurological disorders,Percent,2010,0.025291876,0.056368215,0.011686729
Deaths,Malaysia,Both,All Ages,Skin and subcutaneous diseases,Percent,2010,0.010178661,0.011372248,0.005715751
Deaths,Malaysia,Both,All Ages,Other infectious diseases,Percent,2010,0.012014724,0.014209517,0.008956441
Deaths,Malaysia,Both,All Ages,Maternal and neonatal disorders,Percent,2010,0.012159217,0.013513467,0.011274196
Deaths,Malaysia,Both,All Ages,Substance use disorders,Percent,2010,0.001833332,0.002320932,0.001499157
Deaths,Malaysia,Both,All Ages,Diabetes and kidney diseases,Percent,2010,0.053397188,0.058059047,0.05065436
Deaths,Malaysia,Both,All Ages,Mental disorders,Percent,2010,5.52E-06,9.60E-06,1.96E-06
Deaths,Malaysia,Both,All Ages,Self-harm and interpersonal violence,Percent,2010,0.015696984,0.018905625,0.014512434
Deaths,Malaysia,Both,All Ages,Neglected tropical diseases and malaria,Percent,2010,0.001614839,0.002856778,0.000980118
Deaths,Malaysia,Both,All Ages,Chronic respiratory diseases,Percent,2010,0.043240635,0.053597997,0.03972891
Deaths,Malaysia,Both,All Ages,Neoplasms,Percent,2010,0.163835646,0.17154926,0.157074977
Deaths,Malaysia,Both,All Ages,Digestive diseases,Percent,2010,0.059610913,0.063706754,0.055421171
Deaths,Malaysia,Both,All Ages,Transport injuries,Percent,2010,0.056064187,0.058646038,0.049111754
Deaths,Malaysia,Both,All Ages,Unintentional injuries,Percent,2010,0.028439281,0.030241057,0.025423915
Deaths,Malaysia,Both,All Ages,HIV/AIDS and sexually transmitted infections,Percent,2010,0.01651925,0.019563641,0.013691764
Deaths,Malaysia,Both,All Ages,Respiratory infections and tuberculosis,Percent,2010,0.125711828,0.13317133,0.091232746
Deaths,Malaysia,Both,All Ages,Enteric infections,Percent,2010,0.012238321,0.018040127,0.008055243
Deaths,Malaysia,Both,All Ages,Cardiovascular diseases,Percent,2013,0.322727489,0.357416409,0.306904753
Deaths,Malaysia,Both,All Ages,Neoplasms,Percent,2013,0.170372618,0.178460376,0.163765068
Deaths,Malaysia,Both,All Ages,Nutritional deficiencies,Percent,2013,0.001332268,0.001497286,0.001180839
Deaths,Malaysia,Both,All Ages,Neurological disorders,Percent,2013,0.027016752,0.060092165,0.012187809
Deaths,Malaysia,Both,All Ages,Mental disorders,Percent,2013,5.70E-06,9.98E-06,2.02E-06
Deaths,Malaysia,Both,All Ages,Musculoskeletal disorders,Percent,2013,0.001801885,0.002258268,0.001485428
Deaths,Malaysia,Both,All Ages,Other non-communicable diseases,Percent,2013,0.028673668,0.031514105,0.016697059
Deaths,Malaysia,Both,All Ages,Unintentional injuries,Percent,2013,0.026584683,0.028142629,0.024051948
Deaths,Malaysia,Both,All Ages,Digestive diseases,Percent,2013,0.056131523,0.05980999,0.052579692
Deaths,Malaysia,Both,All Ages,Transport injuries,Percent,2013,0.052858357,0.055785002,0.047060923
Deaths,Malaysia,Both,All Ages,Nutritional deficiencies,Percent,2014,0.001323805,0.001504828,0.001165945
Deaths,Malaysia,Both,All Ages,Chronic respiratory diseases,Percent,2013,0.038454533,0.053110189,0.034549536
Deaths,Malaysia,Both,All Ages,Chronic respiratory diseases,Percent,2014,0.038289162,0.053281243,0.034044165
Deaths,Malaysia,Both,All Ages,Digestive diseases,Percent,2014,0.055607485,0.059829173,0.051468266
Deaths,Malaysia,Both,All Ages,Skin and subcutaneous diseases,Percent,2013,0.011225364,0.012601882,0.005737889
Deaths,Malaysia,Both,All Ages,Other infectious diseases,Percent,2013,0.01189267,0.014300265,0.008296806
Deaths,Malaysia,Both,All Ages,Maternal and neonatal disorders,Percent,2013,0.011084334,0.012589928,0.009945041
Deaths,Malaysia,Both,All Ages,Substance use disorders,Percent,2013,0.001782617,0.0022347,0.001456508
Deaths,Malaysia,Both,All Ages,Neurological disorders,Percent,2015,0.027370214,0.061352622,0.012412592
Deaths,Malaysia,Both,All Ages,Skin and subcutaneous diseases,Percent,2015,0.011089128,0.012789854,0.005758942
Deaths,Malaysia,Both,All Ages,Other infectious diseases,Percent,2015,0.011600266,0.01406776,0.008054307
Deaths,Malaysia,Both,All Ages,Maternal and neonatal disorders,Percent,2015,0.012725257,0.014472902,0.011200312
Deaths,Malaysia,Both,All Ages,Substance use disorders,Percent,2015,0.001769498,0.002226588,0.001450533
Deaths,Malaysia,Both,All Ages,Self-harm and interpersonal violence,Percent,2014,0.014503621,0.017743473,0.013408573
Deaths,Malaysia,Both,All Ages,Mental disorders,Percent,2015,5.53E-06,9.90E-06,2.09E-06
Deaths,Malaysia,Both,All Ages,Self-harm and interpersonal violence,Percent,2015,0.014327362,0.017529804,0.013178464
Deaths,Malaysia,Both,All Ages,Neglected tropical diseases and malaria,Percent,2015,0.001643198,0.002779355,0.00090226
Deaths,Malaysia,Both,All Ages,Neglected tropical diseases and malaria,Percent,2013,0.001544414,0.002783855,0.000934779
Deaths,Malaysia,Both,All Ages,Musculoskeletal disorders,Percent,2015,0.001803498,0.002218339,0.001468639
Deaths,Malaysia,Both,All Ages,Other non-communicable diseases,Percent,2015,0.02934016,0.03256337,0.017596034
Deaths,Malaysia,Both,All Ages,Digestive diseases,Percent,2015,0.055644012,0.059910644,0.05107573
Deaths,Malaysia,Both,All Ages,Transport injuries,Percent,2015,0.051105567,0.054409681,0.045721022
Deaths,Malaysia,Both,All Ages,Unintentional injuries,Percent,2015,0.026614818,0.028343103,0.023913953
Deaths,Malaysia,Both,All Ages,Musculoskeletal disorders,Percent,2014,0.001803483,0.002231741,0.001466694
Deaths,Malaysia,Both,All Ages,Other non-communicable diseases,Percent,2014,0.029313395,0.032254439,0.017203928
Deaths,Malaysia,Both,All Ages,Skin and subcutaneous diseases,Percent,2014,0.011251563,0.012789902,0.0057026
Deaths,Malaysia,Both,All Ages,Nutritional deficiencies,Percent,2011,0.001354315,0.001505287,0.001199052
Deaths,Malaysia,Both,All Ages,HIV/AIDS and sexually transmitted infections,Percent,2011,0.017684748,0.02135111,0.014063503
Deaths,Malaysia,Both,All Ages,Respiratory infections and tuberculosis,Percent,2011,0.131240959,0.140179111,0.09018309
Deaths,Malaysia,Both,All Ages,Enteric infections,Percent,2011,0.012415936,0.01830405,0.008046527
Deaths,Malaysia,Both,All Ages,Neoplasms,Percent,2011,0.16370151,0.172825333,0.155693
Deaths,Malaysia,Both,All Ages,Other non-communicable diseases,Percent,2011,0.027820224,0.031849923,0.016862975
Deaths,Malaysia,Both,All Ages,Skin and subcutaneous diseases,Percent,2011,0.011496798,0.013062711,0.006150309
Deaths,Malaysia,Both,All Ages,Transport injuries,Percent,2014,0.053335219,0.056413672,0.047658148
Deaths,Malaysia,Both,All Ages,Unintentional injuries,Percent,2014,0.026536987,0.028157939,0.023909928
Deaths,Malaysia,Both,All Ages,Neurological disorders,Percent,2011,0.025322735,0.056228641,0.011620502
Deaths,Malaysia,Both,All Ages,Mental disorders,Percent,2011,5.37E-06,9.36E-06,1.92E-06
Deaths,Malaysia,Both,All Ages,Cardiovascular diseases,Percent,2014,0.321653631,0.357038299,0.304746415
Deaths,Malaysia,Both,All Ages,Musculoskeletal disorders,Percent,2012,0.001808483,0.00224959,0.001467978
Deaths,Malaysia,Both,All Ages,Other non-communicable diseases,Percent,2012,0.028771702,0.031350747,0.017432152
Deaths,Malaysia,Both,All Ages,Skin and subcutaneous diseases,Percent,2012,0.011098136,0.012352906,0.005771408
Deaths,Malaysia,Both,All Ages,Cardiovascular diseases,Percent,2012,0.325202986,0.357144913,0.310463041
Deaths,Malaysia,Both,All Ages,Nutritional deficiencies,Percent,2015,0.001338428,0.001530591,0.0011741
Deaths,Malaysia,Both,All Ages,HIV/AIDS and sexually transmitted infections,Percent,2015,0.017041805,0.020289401,0.012630547
Deaths,Malaysia,Both,All Ages,Respiratory infections and tuberculosis,Percent,2015,0.141203952,0.153064927,0.087511293
Deaths,Malaysia,Both,All Ages,Enteric infections,Percent,2015,0.010296917,0.015488351,0.006599023
Deaths,Malaysia,Both,All Ages,Neglected tropical diseases and malaria,Percent,2014,0.001615947,0.002736985,0.000909576
Deaths,Malaysia,Both,All Ages,Chronic respiratory diseases,Percent,2015,0.038794232,0.053450973,0.034293232
Deaths,Malaysia,Both,All Ages,Neoplasms,Percent,2015,0.172044642,0.181418055,0.164042638
Deaths,Malaysia,Both,All Ages,Cardiovascular diseases,Percent,2011,0.327521607,0.358717631,0.310349481
Deaths,Malaysia,Both,All Ages,Musculoskeletal disorders,Percent,2011,0.001801876,0.002220241,0.001478262
Deaths,Malaysia,Both,All Ages,HIV/AIDS and sexually transmitted infections,Percent,2013,0.019335615,0.022893096,0.014851635
Deaths,Malaysia,Both,All Ages,Respiratory infections and tuberculosis,Percent,2013,0.140168716,0.150139506,0.088211145
Deaths,Malaysia,Both,All Ages,Enteric infections,Percent,2013,0.010708818,0.016254428,0.006987711
Deaths,Malaysia,Both,All Ages,Cardiovascular diseases,Percent,2015,0.322615506,0.356556649,0.303840837
Deaths,Malaysia,Both,All Ages,Other infectious diseases,Percent,2012,0.011991852,0.014342114,0.008347383
Deaths,Malaysia,Both,All Ages,Maternal and neonatal disorders,Percent,2012,0.012276175,0.013766405,0.011080925
Deaths,Malaysia,Both,All Ages,Substance use disorders,Percent,2012,0.001784904,0.002231995,0.001453123
Deaths,Malaysia,Both,All Ages,Diabetes and kidney diseases,Percent,2012,0.051207807,0.057470701,0.048440797
Deaths,Malaysia,Both,All Ages,Neurological disorders,Percent,2014,0.026994453,0.059907989,0.012308777
Deaths,Malaysia,Both,All Ages,Mental disorders,Percent,2014,5.58E-06,9.86E-06,2.04E-06
Deaths,Malaysia,Both,All Ages,Diabetes and kidney diseases,Percent,2013,0.050895659,0.058073966,0.047816751
Deaths,Malaysia,Both,All Ages,Diabetes and kidney diseases,Percent,2015,0.05162601,0.059116947,0.047973795
Deaths,Malaysia,Both,All Ages,Neglected tropical diseases and malaria,Percent,2011,0.001459112,0.002709914,0.000886201
Deaths,Malaysia,Both,All Ages,Neglected tropical diseases and malaria,Percent,2012,0.00145526,0.002809535,0.000895027
Deaths,Malaysia,Both,All Ages,Nutritional deficiencies,Percent,2012,0.001358314,0.001513874,0.001209646
Deaths,Malaysia,Both,All Ages,Chronic respiratory diseases,Percent,2012,0.039802607,0.053048814,0.036283539
Deaths,Malaysia,Both,All Ages,Digestive diseases,Percent,2012,0.057001479,0.060206512,0.053891448
Deaths,Malaysia,Both,All Ages,Self-harm and interpersonal violence,Percent,2011,0.015303856,0.018559526,0.014190974
Deaths,Malaysia,Both,All Ages,Neoplasms,Percent,2014,0.170759433,0.180004582,0.163737544
Deaths,Malaysia,Both,All Ages,Other infectious diseases,Percent,2011,0.011941359,0.014175709,0.008531844
Deaths,Malaysia,Both,All Ages,Maternal and neonatal disorders,Percent,2011,0.011990347,0.013431651,0.010771714
Deaths,Malaysia,Both,All Ages,Substance use disorders,Percent,2011,0.001806406,0.002268385,0.001468956
Deaths,Malaysia,Both,All Ages,Diabetes and kidney diseases,Percent,2011,0.052248394,0.057681848,0.049194568
Deaths,Malaysia,Both,All Ages,Other infectious diseases,Percent,2014,0.011766721,0.01417266,0.008126749
Deaths,Malaysia,Both,All Ages,Maternal and neonatal disorders,Percent,2014,0.012007832,0.013426242,0.010714966
Deaths,Malaysia,Both,All Ages,Substance use disorders,Percent,2014,0.001771995,0.002228483,0.001452762
Deaths,Malaysia,Both,All Ages,Diabetes and kidney diseases,Percent,2014,0.050985985,0.058075159,0.047735701
Deaths,Malaysia,Both,All Ages,HIV/AIDS and sexually transmitted infections,Percent,2014,0.018389977,0.021580715,0.014180494
Deaths,Malaysia,Both,All Ages,Respiratory infections and tuberculosis,Percent,2014,0.141691263,0.152442977,0.087704772
Deaths,Malaysia,Both,All Ages,Enteric infections,Percent,2014,0.010392458,0.015808375,0.006758165
Deaths,Malaysia,Both,All Ages,Self-harm and interpersonal violence,Percent,2013,0.015402319,0.018601303,0.01425424
Deaths,Malaysia,Both,All Ages,Unintentional injuries,Percent,2011,0.028300309,0.030262655,0.025277899
Deaths,Malaysia,Both,All Ages,Transport injuries,Percent,2012,0.053875483,0.056481838,0.047384362
Deaths,Malaysia,Both,All Ages,Unintentional injuries,Percent,2012,0.02740799,0.028983056,0.024789775
Deaths,Malaysia,Both,All Ages,Chronic respiratory diseases,Percent,2011,0.04174492,0.053263956,0.037744781
Deaths,Malaysia,Both,All Ages,Digestive diseases,Percent,2011,0.05998657,0.065816894,0.05462352
Deaths,Malaysia,Both,All Ages,Transport injuries,Percent,2011,0.054852649,0.057335106,0.048001032
Deaths,Malaysia,Both,All Ages,Mental disorders,Percent,2012,5.52E-06,9.77E-06,1.94E-06
Deaths,Malaysia,Both,All Ages,Self-harm and interpersonal violence,Percent,2012,0.015061392,0.018265547,0.013936456
Deaths,Malaysia,Both,All Ages,Neoplasms,Percent,2012,0.16652627,0.175706287,0.160366669
Deaths,Malaysia,Both,All Ages,HIV/AIDS and sexually transmitted infections,Percent,2012,0.018544043,0.022085328,0.014537486
Deaths,Malaysia,Both,All Ages,Respiratory infections and tuberculosis,Percent,2012,0.137490135,0.146668123,0.089054721
Deaths,Malaysia,Both,All Ages,Enteric infections,Percent,2012,0.011261238,0.01670179,0.007360171
Deaths,Malaysia,Both,All Ages,Neurological disorders,Percent,2012,0.026068218,0.057842929,0.011959559
Deaths,Malaysia,Both,All Ages,Neoplasms,Percent,2016,0.173144363,0.183832438,0.164714316
Deaths,Malaysia,Both,All Ages,Nutritional deficiencies,Percent,2016,0.001350347,0.001566431,0.001176777
Deaths,Malaysia,Both,All Ages,Cardiovascular diseases,Percent,2016,0.326176531,0.359098518,0.30528996
Deaths,Malaysia,Both,All Ages,HIV/AIDS and sexually transmitted infections,Percent,2016,0.015168666,0.018904908,0.010776274
Deaths,Malaysia,Both,All Ages,Respiratory infections and tuberculosis,Percent,2016,0.14065171,0.153630657,0.087520371
Deaths,Malaysia,Both,All Ages,Enteric infections,Percent,2016,0.010080445,0.015271614,0.006402786
Deaths,Malaysia,Both,All Ages,Cardiovascular diseases,Percent,2017,0.328349979,0.360184914,0.305667947
Deaths,Malaysia,Both,All Ages,Musculoskeletal disorders,Percent,2017,0.001790167,0.002228066,0.001477219
Deaths,Malaysia,Both,All Ages,Musculoskeletal disorders,Percent,2016,0.001794261,0.002225067,0.001470606
Deaths,Malaysia,Both,All Ages,Other non-communicable diseases,Percent,2016,0.027946603,0.031327077,0.016555724
Deaths,Malaysia,Both,All Ages,Neglected tropical diseases and malaria,Percent,2016,0.001607543,0.002597859,0.000842841
Deaths,Malaysia,Both,All Ages,Other non-communicable diseases,Percent,2017,0.027377527,0.030762783,0.016239484
Deaths,Malaysia,Both,All Ages,Skin and subcutaneous diseases,Percent,2017,0.011049072,0.012951519,0.005922606
Deaths,Malaysia,Both,All Ages,Neurological disorders,Percent,2016,0.027804128,0.061624617,0.012609032
Deaths,Malaysia,Both,All Ages,Mental disorders,Percent,2016,5.41E-06,9.79E-06,2.11E-06
Deaths,Malaysia,Both,All Ages,Skin and subcutaneous diseases,Percent,2016,0.011080359,0.012905022,0.005834447
Deaths,Malaysia,Both,All Ages,Other infectious diseases,Percent,2016,0.011019529,0.013122055,0.00765087
Deaths,Malaysia,Both,All Ages,Maternal and neonatal disorders,Percent,2016,0.010726765,0.012106786,0.009425777
Deaths,Malaysia,Both,All Ages,Self-harm and interpersonal violence,Percent,2016,0.014241859,0.017585212,0.013006029
Deaths,Malaysia,Both,All Ages,Other infectious diseases,Percent,2017,0.010657811,0.01279957,0.007419269
Deaths,Malaysia,Both,All Ages,Maternal and neonatal disorders,Percent,2017,0.010369851,0.011580051,0.009305972
Deaths,Malaysia,Both,All Ages,Substance use disorders,Percent,2017,0.001784049,0.002230984,0.001450847
Deaths,Malaysia,Both,All Ages,Diabetes and kidney diseases,Percent,2017,0.053783461,0.06080749,0.049801522
Deaths,Malaysia,Both,All Ages,Substance use disorders,Percent,2016,0.001772692,0.002220215,0.001441343
Deaths,Malaysia,Both,All Ages,Diabetes and kidney diseases,Percent,2016,0.052834986,0.060260894,0.049009126
Deaths,Malaysia,Both,All Ages,Chronic respiratory diseases,Percent,2016,0.03994741,0.05455205,0.035178089
Deaths,Malaysia,Both,All Ages,Digestive diseases,Percent,2016,0.056205842,0.060493174,0.051086002
Deaths,Malaysia,Both,All Ages,Transport injuries,Percent,2016,0.05033683,0.053641803,0.044826281
Deaths,Malaysia,Both,All Ages,Unintentional injuries,Percent,2016,0.026103719,0.027887038,0.02331866
Deaths,Malaysia,Both,All Ages,Neglected tropical diseases and malaria,Percent,2017,0.002679507,0.003679893,0.001883344
Deaths,Malaysia,Both,All Ages,Neoplasms,Percent,2017,0.174624771,0.185916457,0.165371859
Deaths,Malaysia,Both,All Ages,Chronic respiratory diseases,Percent,2017,0.040691704,0.055271554,0.035765898
Deaths,Malaysia,Both,All Ages,Nutritional deficiencies,Percent,2017,0.00136072,0.001589006,0.001172691
Deaths,Malaysia,Both,All Ages,Neurological disorders,Percent,2017,0.028193494,0.062699117,0.012787143
Deaths,Malaysia,Both,All Ages,Cardiovascular diseases,Percent,2018,0.331512673,0.3620756,0.306551871
Deaths,Malaysia,Both,All Ages,Mental disorders,Percent,2017,5.36E-06,9.74E-06,2.13E-06
Deaths,Malaysia,Both,All Ages,Self-harm and interpersonal violence,Percent,2017,0.014000645,0.017372612,0.01267379
Deaths,Malaysia,Both,All Ages,Digestive diseases,Percent,2017,0.056718216,0.061251338,0.051329052
Deaths,Malaysia,Both,All Ages,Transport injuries,Percent,2017,0.049600438,0.053197202,0.044002093
Deaths,Malaysia,Both,All Ages,Unintentional injuries,Percent,2017,0.02617286,0.028052375,0.023381906
Deaths,Malaysia,Both,All Ages,HIV/AIDS and sexually transmitted infections,Percent,2017,0.012190202,0.016011564,0.008351317
Deaths,Malaysia,Both,All Ages,Respiratory infections and tuberculosis,Percent,2017,0.138618207,0.151768925,0.08757645
Deaths,Malaysia,Both,All Ages,Enteric infections,Percent,2017,0.009981964,0.015161157,0.006308881
Deaths,Malaysia,Both,All Ages,Nutritional deficiencies,Percent,2018,0.001359611,0.001589746,0.001160416
Deaths,Malaysia,Both,All Ages,Musculoskeletal disorders,Percent,2018,0.001792636,0.002248261,0.001476378
Deaths,Malaysia,Both,All Ages,Other non-communicable diseases,Percent,2018,0.026859511,0.030412165,0.016067431
Deaths,Malaysia,Both,All Ages,Neurological disorders,Percent,2018,0.028813449,0.064924435,0.012990238
Deaths,Malaysia,Both,All Ages,Skin and subcutaneous diseases,Percent,2018,0.010962689,0.012981604,0.006032573
Deaths,Malaysia,Both,All Ages,Other infectious diseases,Percent,2018,0.010329037,0.012309017,0.007295229
Deaths,Malaysia,Both,All Ages,Maternal and neonatal disorders,Percent,2018,0.009797277,0.011106458,0.008650351
Deaths,Malaysia,Both,All Ages,Neglected tropical diseases and malaria,Percent,2018,0.001618276,0.002560746,0.000817546
Deaths,Malaysia,Both,All Ages,Chronic respiratory diseases,Percent,2018,0.04148071,0.055486669,0.03616465
Deaths,Malaysia,Both,All Ages,Digestive diseases,Percent,2018,0.057099419,0.062451463,0.051242906
Deaths,Malaysia,Both,All Ages,Transport injuries,Percent,2018,0.048544976,0.052286197,0.042835745
Deaths,Malaysia,Both,All Ages,Mental disorders,Percent,2018,5.34E-06,9.63E-06,2.12E-06
Deaths,Malaysia,Both,All Ages,Self-harm and interpersonal violence,Percent,2018,0.013822646,0.017218067,0.012438307
Deaths,Malaysia,Both,All Ages,Unintentional injuries,Percent,2018,0.025758341,0.027752392,0.022991157
Deaths,Malaysia,Both,All Ages,Substance use disorders,Percent,2018,0.001792488,0.002250387,0.001452833
Deaths,Malaysia,Both,All Ages,Diabetes and kidney diseases,Percent,2018,0.055015307,0.06161721,0.050691861
Deaths,Malaysia,Both,All Ages,Neoplasms,Percent,2018,0.177182468,0.188608899,0.167227965
Deaths,Malaysia,Both,All Ages,HIV/AIDS and sexually transmitted infections,Percent,2018,0.009798164,0.013569566,0.006343753
Deaths,Malaysia,Both,All Ages,Respiratory infections and tuberculosis,Percent,2018,0.136591495,0.150626607,0.087559188
Deaths,Malaysia,Both,All Ages,Enteric infections,Percent,2018,0.009863483,0.015031053,0.006119582
Deaths,Malaysia,Both,All Ages,Nutritional deficiencies,Percent,2019,0.001360691,0.001598894,0.00115406
Deaths,Malaysia,Both,All Ages,Neurological disorders,Percent,2019,0.029059255,0.06725408,0.013153234
Deaths,Malaysia,Both,All Ages,Mental disorders,Percent,2019,5.21E-06,9.42E-06,2.08E-06
Deaths,Malaysia,Both,All Ages,Neoplasms,Percent,2019,0.177814773,0.190056562,0.166281608
Deaths,Malaysia,Both,All Ages,Self-harm and interpersonal violence,Percent,2019,0.013580034,0.016955121,0.012106523
Deaths,Malaysia,Both,All Ages,Neglected tropical diseases and malaria,Percent,2019,0.001607859,0.002412795,0.000812928
Deaths,Malaysia,Both,All Ages,Chronic respiratory diseases,Percent,2019,0.042497173,0.056098212,0.036912174
Deaths,Malaysia,Both,All Ages,Digestive diseases,Percent,2019,0.05725498,0.063409842,0.050624692
Deaths,Malaysia,Both,All Ages,Transport injuries,Percent,2019,0.047845483,0.05185798,0.042036938
Deaths,Malaysia,Both,All Ages,Cardiovascular diseases,Percent,2019,0.334445388,0.363171924,0.305597398
Deaths,Malaysia,Both,All Ages,Musculoskeletal disorders,Percent,2019,0.001780754,0.002234093,0.001461545
Deaths,Malaysia,Both,All Ages,Unintentional injuries,Percent,2019,0.025505258,0.02758138,0.022636565
Deaths,Malaysia,Both,All Ages,HIV/AIDS and sexually transmitted infections,Percent,2019,0.00889089,0.012619687,0.005605054
Deaths,Malaysia,Both,All Ages,Respiratory infections and tuberculosis,Percent,2019,0.134869258,0.150960928,0.087267194
Deaths,Malaysia,Both,All Ages,Enteric infections,Percent,2019,0.00972544,0.014947127,0.0060738
Deaths,Malaysia,Both,All Ages,Other non-communicable diseases,Percent,2019,0.026090187,0.029685019,0.015717211
Deaths,Malaysia,Both,All Ages,Skin and subcutaneous diseases,Percent,2019,0.010821552,0.012953954,0.006127047
Deaths,Malaysia,Both,All Ages,Other infectious diseases,Percent,2019,0.009909347,0.011836222,0.007081041
Deaths,Malaysia,Both,All Ages,Maternal and neonatal disorders,Percent,2019,0.008947412,0.010223256,0.007820306
Deaths,Malaysia,Both,All Ages,Substance use disorders,Percent,2019,0.001782359,0.00223605,0.001443148
Deaths,Malaysia,Both,All Ages,Diabetes and kidney diseases,Percent,2019,0.056206697,0.062430245,0.051712123
